{"0":{"0":0.0,"1":0.0,"2":0.0,"3":0.0,"4":0.0,"5":0.0,"6":0.0,"7":0.0,"8":0.0,"9":0.0,"10":0.0,"11":0.0,"12":0.0,"13":0.0,"14":0.0,"15":0.0,"16":0.0,"17":0.0,"18":0.0,"19":0.0,"20":0.0,"21":0.0,"22":0.0,"23":0.0},"1":{"0":0.0,"1":0.0,"2":0.0,"3":0.0,"4":0.0,"5":0.0,"6":0.0,"7":0.0,"8":0.0,"9":0.0,"10":0.0,"11":0.0,"12":0.0,"13":0.0,"14":0.0,"15":0.0,"16":0.0,"17":0.0,"18":0.0,"19":0.0,"20":0.0,"21":0.0,"22":0.0,"23":0.0},"2":{"0":0.0,"1":0.0,"2":0.0,"3":0.0,"4":0.0,"5":0.0,"6":0.0,"7":0.0,"8":0.0,"9":0.0,"10":0.0,"11":0.0,"12":0.0,"13":0.0,"14":0.0,"15":0.0,"16":0.0,"17":0.0,"18":0.0,"19":0.0,"20":0.0,"21":0.0,"22":0.0,"23":0.0},"3":{"0":0.0,"1":0.0,"2":0.0,"3":0.0,"4":0.0,"5":0.0,"6":0.0,"7":0.0,"8":0.0,"9":0.0,"10":0.0,"11":0.0,"12":0.0,"13":0.0,"14":0.0,"15":0.0,"16":0.0,"17":0.0,"18":0.0,"19":0.0,"20":0.0,"21":0.0,"22":0.0,"23":0.0},"4":{"0":0.0,"1":0.0,"2":0.0,"3":0.0,"4":0.0,"5":0.0,"6":0.0,"7":0.0,"8":0.0,"9":0.0,"10":0.0,"11":0.0,"12":0.0,"13":0.0,"14":0.0,"15":0.0,"16":0.0,"17":0.0,"18":0.0,"19":0.0,"20":0.0,"21":0.0,"22":0.0,"23":0.0},"5":{"0":0.0,"1":0.0,"2":0.0,"3":0.0,"4":0.0,"5":0.0,"6":0.0,"7":0.0,"8":0.0,"9":0.0,"10":0.0,"11":0.0,"12":0.0,"13":0.0,"14":0.0,"15":0.0,"16":0.0,"17":0.0,"18":0.0,"19":0.0,"20":0.0,"21":0.0,"22":0.0,"23":0.0},"6":{"0":0.0,"1":0.0,"2":0.0,"3":0.0,"4":0.0,"5":0.0,"6":0.0,"7":0.0,"8":0.0,"9":0.0,"10":0.0,"11":0.0,"12":0.0,"13":0.0,"14":0.0,"15":0.0,"16":0.0,"17":0.0,"18":0.0,"19":0.0,"20":0.0,"21":0.0,"22":0.0,"23":0.0},"7":{"0":0.0,"1":0.0,"2":0.0,"3":0.0,"4":0.0,"5":0.0,"6":0.0,"7":0.0,"8":0.0,"9":0.0,"10":0.0,"11":0.0,"12":0.0,"13":0.0,"14":0.0,"15":0.0,"16":0.0,"17":0.0,"18":0.0,"19":0.0,"20":0.0,"21":0.0,"22":0.0,"23":0.0},"8":{"0":0.0,"1":0.0,"2":0.0,"3":0.0,"4":0.0,"5":0.0,"6":0.0,"7":0.0,"8":0.0,"9":0.0,"10":0.0,"11":0.0,"12":0.0,"13":0.0,"14":0.0,"15":0.0,"16":0.0,"17":0.0,"18":0.0,"19":0.0,"20":0.0,"21":0.0,"22":0.0,"23":0.0},"9":{"0":0.0,"1":0.0,"2":0.0,"3":0.0,"4":0.0,"5":0.0,"6":0.0,"7":0.0,"8":0.0,"9":0.0,"10":0.0,"11":0.0,"12":0.0,"13":0.0,"14":0.0,"15":0.0,"16":0.0,"17":0.000000053,"18":0.0000005304,"19":0.000000053,"20":0.0,"21":0.0,"22":0.0000157542,"23":0.000769966},"10":{"0":0.0,"1":0.0,"2":0.0,"3":0.0,"4":0.0,"5":0.0,"6":0.0,"7":0.0,"8":0.0,"9":0.0,"10":0.0,"11":0.0,"12":0.0000000265,"13":0.0,"14":0.0000001857,"15":0.0000005835,"16":0.0000001326,"17":0.0000018035,"18":0.0000040844,"19":0.000028697,"20":0.0000576062,"21":0.0009934952,"22":0.0287395377,"23":0.0408788821},"11":{"0":0.0,"1":0.0,"2":0.0,"3":0.0,"4":0.0,"5":0.0000000265,"6":0.0000002122,"7":0.0000013526,"8":0.0000141629,"9":0.0000138181,"10":0.0000147198,"11":0.0000083545,"12":0.0000111393,"13":0.0000112189,"14":0.0000102906,"15":0.0000091502,"16":0.0000165764,"17":0.0000460425,"18":0.0001204638,"19":0.0003828745,"20":0.0072161607,"21":0.0272182507,"22":0.0088843011,"23":0.0164509528},"12":{"0":0.0,"1":0.0000005835,"2":0.0000005039,"3":0.0000258326,"4":0.0001293753,"5":0.000397223,"6":0.0005221161,"7":0.0011164786,"8":0.0013462935,"9":0.0011138794,"10":0.0007517453,"11":0.0006603498,"12":0.0006165882,"13":0.0005621911,"14":0.0006651768,"15":0.0005372072,"16":0.0005697234,"17":0.0008216313,"18":0.0016323089,"19":0.0172493241,"20":0.0269638232,"21":0.0026518489,"22":0.0001642785,"23":0.0036597191},"13":{"0":0.0,"1":0.0000003448,"2":0.0001601145,"3":0.0006317854,"4":0.000551264,"5":0.0009668138,"6":0.0031744158,"7":0.0055420528,"8":0.0051178037,"9":0.0050843326,"10":0.0048546769,"11":0.0042404492,"12":0.0042942362,"13":0.0039514103,"14":0.0035065268,"15":0.0032663153,"16":0.0034356065,"17":0.0040968845,"18":0.0290524731,"19":0.0258316965,"20":0.0019060976,"21":0.0000532301,"22":0.0,"23":0.0},"14":{"0":0.0,"1":0.000005331,"2":0.0001149472,"3":0.0005048236,"4":0.0013100376,"5":0.0025113608,"6":0.0051150719,"7":0.0086278314,"8":0.010714227,"9":0.0113195962,"10":0.0108982645,"11":0.0098618299,"12":0.0078686865,"13":0.0079371403,"14":0.0075215374,"15":0.0075915029,"16":0.0092764054,"17":0.048369415,"18":0.0272675024,"19":0.001125894,"20":0.0000030235,"21":0.0,"22":0.0,"23":0.0},"15":{"0":0.0,"1":0.0,"2":0.0000004244,"3":0.0000547153,"4":0.0007807871,"5":0.0020241479,"6":0.0048518125,"7":0.0086327381,"8":0.0127764343,"9":0.0172742019,"10":0.0188367574,"11":0.0168537985,"12":0.0143143507,"13":0.0128848305,"14":0.0133224999,"15":0.016529432,"16":0.0651268849,"17":0.0232703679,"18":0.0001173342,"19":0.0,"20":0.0,"21":0.0,"22":0.0,"23":0.0},"16":{"0":0.0,"1":0.0,"2":0.0,"3":0.0,"4":0.0000002387,"5":0.000068666,"6":0.000786622,"7":0.0023164226,"8":0.0057389802,"9":0.0099835668,"10":0.0153972257,"11":0.020481797,"12":0.023644437,"13":0.0240041576,"14":0.0260109866,"15":0.0642871124,"16":0.0179919192,"17":0.0000004244,"18":0.0,"19":0.0,"20":0.0,"21":0.0,"22":0.0,"23":0.0},"17":{"0":0.0,"1":0.0,"2":0.0,"3":0.0,"4":0.0,"5":0.0,"6":0.0,"7":0.0000022809,"8":0.0002558332,"9":0.001575684,"10":0.0039078343,"11":0.0069712812,"12":0.0111008942,"13":0.0164500245,"14":0.0284315353,"15":0.0090033063,"16":0.0,"17":0.0,"18":0.0,"19":0.0,"20":0.0,"21":0.0,"22":0.0,"23":0.0},"18":{"0":0.0,"1":0.0,"2":0.0,"3":0.0,"4":0.0,"5":0.0,"6":0.0,"7":0.0,"8":0.0,"9":0.0,"10":0.0000092297,"11":0.0001521314,"12":0.0003395638,"13":0.0013117616,"14":0.0003750239,"15":0.0,"16":0.0,"17":0.0,"18":0.0,"19":0.0,"20":0.0,"21":0.0,"22":0.0,"23":0.0},"19":{"0":0.0,"1":0.0,"2":0.0,"3":0.0,"4":0.0,"5":0.0,"6":0.0,"7":0.0,"8":0.0,"9":0.0,"10":0.0,"11":0.0,"12":0.0000016444,"13":0.0000052779,"14":0.0,"15":0.0,"16":0.0,"17":0.0,"18":0.0,"19":0.0,"20":0.0,"21":0.0,"22":0.0,"23":0.0},"20":{"0":0.0,"1":0.0,"2":0.0,"3":0.0,"4":0.0,"5":0.0,"6":0.0,"7":0.0,"8":0.0,"9":0.0,"10":0.0,"11":0.0,"12":0.0,"13":0.0,"14":0.0,"15":0.0,"16":0.0,"17":0.0,"18":0.0,"19":0.0,"20":0.0,"21":0.0,"22":0.0,"23":0.0},"21":{"0":0.0,"1":0.0,"2":0.0,"3":0.0,"4":0.0,"5":0.0,"6":0.0,"7":0.0,"8":0.0,"9":0.0,"10":0.0,"11":0.0,"12":0.0,"13":0.0,"14":0.0,"15":0.0,"16":0.0,"17":0.0,"18":0.0,"19":0.0,"20":0.0,"21":0.0,"22":0.0,"23":0.0},"22":{"0":0.0,"1":0.0,"2":0.0,"3":0.0,"4":0.0,"5":0.0,"6":0.0,"7":0.0,"8":0.0,"9":0.0,"10":0.0,"11":0.0,"12":0.0,"13":0.0,"14":0.0,"15":0.0,"16":0.0,"17":0.0,"18":0.0,"19":0.0,"20":0.0,"21":0.0,"22":0.0,"23":0.0},"23":{"0":0.0,"1":0.0,"2":0.0,"3":0.0,"4":0.0,"5":0.0,"6":0.0,"7":0.0,"8":0.0,"9":0.0,"10":0.0,"11":0.0,"12":0.0,"13":0.0,"14":0.0,"15":0.0,"16":0.0,"17":0.0,"18":0.0,"19":0.0,"20":0.0,"21":0.0,"22":0.0,"23":0.0}}