{"0":{"0":0.0,"1":0.0,"2":0.0,"3":0.0,"4":0.0,"5":0.0,"6":0.0,"7":0.0,"8":0.0,"9":0.0,"10":0.0,"11":0.0,"12":0.0,"13":0.0,"14":0.0,"15":0.0,"16":0.0,"17":0.0,"18":0.0,"19":0.0,"20":0.0,"21":0.0,"22":0.0,"23":0.0},"1":{"0":0.0,"1":0.0,"2":0.0,"3":0.0,"4":0.0,"5":0.0,"6":0.0,"7":0.0,"8":0.0,"9":0.0,"10":0.0,"11":0.0,"12":0.0,"13":0.0,"14":0.0,"15":0.0,"16":0.0,"17":0.0,"18":0.0,"19":0.0,"20":0.0,"21":0.0,"22":0.0,"23":0.0},"2":{"0":0.0,"1":0.0,"2":0.0,"3":0.0,"4":0.0,"5":0.0,"6":0.0,"7":0.0,"8":0.0,"9":0.0,"10":0.0,"11":0.0,"12":0.0,"13":0.0,"14":0.0,"15":0.0,"16":0.0,"17":0.0,"18":0.0,"19":0.0,"20":0.0,"21":0.0,"22":0.0,"23":0.0},"3":{"0":0.0,"1":0.0,"2":0.0,"3":0.0,"4":0.0,"5":0.0,"6":0.0,"7":0.0,"8":0.0,"9":0.0,"10":0.0,"11":0.0,"12":0.0,"13":0.0,"14":0.0,"15":0.0,"16":0.0,"17":0.0,"18":0.0,"19":0.0,"20":0.0,"21":0.0,"22":0.0,"23":0.0},"4":{"0":0.0,"1":0.0,"2":0.0,"3":0.0,"4":0.0,"5":0.0,"6":0.0,"7":0.0,"8":0.0,"9":0.0,"10":0.0,"11":0.0,"12":0.0,"13":0.0,"14":0.0,"15":0.0,"16":0.0,"17":0.0,"18":0.0,"19":0.0,"20":0.0,"21":0.0,"22":0.0,"23":0.0},"5":{"0":0.0,"1":0.0,"2":0.0,"3":0.0,"4":0.0,"5":0.0,"6":0.0,"7":0.0,"8":0.0,"9":0.0,"10":0.0,"11":0.0,"12":0.0,"13":0.0,"14":0.0,"15":0.0,"16":0.0,"17":0.0,"18":0.0,"19":0.0,"20":0.0,"21":0.0,"22":0.0,"23":0.0},"6":{"0":0.0,"1":0.0,"2":0.0,"3":0.0,"4":0.0,"5":0.0,"6":0.0,"7":0.0,"8":0.0,"9":0.0,"10":0.0,"11":0.0,"12":0.0,"13":0.0,"14":0.0,"15":0.0,"16":0.0,"17":0.0,"18":0.0,"19":0.0,"20":0.0,"21":0.0,"22":0.0,"23":0.0},"7":{"0":0.0,"1":0.0,"2":0.0,"3":0.0,"4":0.0,"5":0.0,"6":0.0,"7":0.0,"8":0.0,"9":0.0,"10":0.0,"11":0.0,"12":0.0,"13":0.0,"14":0.0,"15":0.0,"16":0.0,"17":0.0,"18":0.0,"19":0.0,"20":0.0,"21":0.0,"22":0.0,"23":0.0},"8":{"0":0.0,"1":0.0,"2":0.0,"3":0.0,"4":0.0,"5":0.0,"6":0.0,"7":0.0,"8":0.0,"9":0.0,"10":0.0,"11":0.0,"12":0.0,"13":0.0,"14":0.0,"15":0.0,"16":0.0,"17":0.0,"18":0.0,"19":0.0,"20":0.0,"21":0.0,"22":0.0,"23":0.0},"9":{"0":0.0,"1":0.0,"2":0.0,"3":0.0,"4":0.0,"5":0.0,"6":0.0,"7":0.0,"8":0.0,"9":0.0,"10":0.0,"11":0.0,"12":0.0,"13":0.0,"14":0.0,"15":0.0,"16":0.0,"17":0.0,"18":0.0,"19":0.0,"20":0.0,"21":0.0,"22":0.0,"23":0.0},"10":{"0":0.0,"1":0.0,"2":0.0,"3":0.0,"4":0.0,"5":0.0,"6":0.000004164,"7":0.0000416133,"8":0.0000161785,"9":0.0000720608,"10":0.0000831471,"11":0.0000267874,"12":0.0000138711,"13":0.0000231804,"14":0.0000192021,"15":0.0000032357,"16":0.0000002917,"17":0.0,"18":0.0,"19":0.0,"20":0.0,"21":0.0,"22":0.0,"23":0.0},"11":{"0":0.0,"1":0.0,"2":0.0000002122,"3":0.0000002122,"4":0.000002334,"5":0.0000112985,"6":0.0000850037,"7":0.0002913729,"8":0.0003760848,"9":0.0003407042,"10":0.0003943056,"11":0.0004238248,"12":0.0003714169,"13":0.0002464443,"14":0.0003505174,"15":0.0002710039,"16":0.0000987156,"17":0.0000725117,"18":0.0000927481,"19":0.000289649,"20":0.0000966469,"21":0.0000114576,"22":0.000000557,"23":0.0001856024},"12":{"0":0.0,"1":0.0000019361,"2":0.0001079188,"3":0.0004822797,"4":0.0004423108,"5":0.0010919986,"6":0.0020774576,"7":0.0038390622,"8":0.0037879805,"9":0.003423645,"10":0.0025693648,"11":0.0022456083,"12":0.0026789015,"13":0.0023188626,"14":0.0017394056,"15":0.0016994366,"16":0.0014932795,"17":0.000701857,"18":0.0004230822,"19":0.0002889594,"20":0.0001275187,"21":0.0000324897,"22":0.000008938,"23":0.0073549514},"13":{"0":0.0,"1":0.0000043231,"2":0.000167859,"3":0.0005673364,"4":0.0009901268,"5":0.0018018919,"6":0.0047412149,"7":0.0081648068,"8":0.009250281,"9":0.0095076525,"10":0.0084437674,"11":0.0067063775,"12":0.0053169324,"13":0.0053598188,"14":0.0044270594,"15":0.0034074664,"16":0.002301968,"17":0.001584622,"18":0.0012397538,"19":0.0004644303,"20":0.0002638429,"21":0.0001073619,"22":0.0000699656,"23":0.0039999989},"14":{"0":0.0,"1":0.0,"2":0.0,"3":0.0001673286,"4":0.0013336689,"5":0.0022775145,"6":0.0047900953,"7":0.0079831563,"8":0.0111835639,"9":0.0138263687,"10":0.0144742796,"11":0.0128397163,"12":0.0093173291,"13":0.0070848493,"14":0.0061022282,"15":0.004446792,"16":0.0035977897,"17":0.0026720853,"18":0.0024871195,"19":0.0015360333,"20":0.0006557349,"21":0.0003135455,"22":0.0002575041,"23":0.0053281247},"15":{"0":0.0,"1":0.0,"2":0.0,"3":0.0,"4":0.0000032622,"5":0.0007855346,"6":0.0027495832,"7":0.0051371118,"8":0.0081255275,"9":0.01230784,"10":0.0158464853,"11":0.0163280224,"12":0.0152006166,"13":0.0127418759,"14":0.0101353004,"15":0.0093429231,"16":0.0082976566,"17":0.0065960451,"18":0.0041587343,"19":0.0029478897,"20":0.0015762675,"21":0.000719176,"22":0.0006655216,"23":0.0065972917},"16":{"0":0.0,"1":0.0,"2":0.0,"3":0.0,"4":0.0,"5":0.0,"6":0.0000027318,"7":0.0007820336,"8":0.0032241184,"9":0.0066737021,"10":0.0103298407,"11":0.0134067079,"12":0.0162037393,"13":0.0174622974,"14":0.0189676445,"15":0.0237743427,"16":0.0194259482,"17":0.0126671363,"18":0.0079158429,"19":0.0049602883,"20":0.0029561116,"21":0.0018138799,"22":0.0022513371,"23":0.0082415621},"17":{"0":0.0,"1":0.0,"2":0.0,"3":0.0,"4":0.0,"5":0.0,"6":0.0,"7":0.0,"8":0.0,"9":0.0002131059,"10":0.0025292633,"11":0.0072529205,"12":0.0126268491,"13":0.0167072633,"14":0.0235794576,"15":0.0294261444,"16":0.0221350585,"17":0.0149438817,"18":0.0096372665,"19":0.0062670372,"20":0.0043700897,"21":0.0031934057,"22":0.0056991703,"23":0.0086912726},"18":{"0":0.0,"1":0.0,"2":0.0,"3":0.0,"4":0.0,"5":0.0,"6":0.0,"7":0.0,"8":0.0,"9":0.0,"10":0.0,"11":0.0000000265,"12":0.0004619107,"13":0.0051734207,"14":0.0145229478,"15":0.0288532649,"16":0.0346430085,"17":0.0260920915,"18":0.018091457,"19":0.0121960224,"20":0.0087578433,"21":0.0064410228,"22":0.0102079712,"23":0.0115724324},"19":{"0":0.0,"1":0.0,"2":0.0,"3":0.0,"4":0.0,"5":0.0,"6":0.0,"7":0.0,"8":0.0,"9":0.0,"10":0.0,"11":0.0,"12":0.0,"13":0.0,"14":0.0,"15":0.0,"16":0.004423532,"17":0.0112763916,"18":0.014148693,"19":0.0156674073,"20":0.0169802033,"21":0.0175085256,"22":0.017021074,"23":0.0065101927},"20":{"0":0.0,"1":0.0,"2":0.0,"3":0.0,"4":0.0,"5":0.0,"6":0.0,"7":0.0,"8":0.0,"9":0.0,"10":0.0,"11":0.0,"12":0.0,"13":0.0,"14":0.0,"15":0.0,"16":0.0,"17":0.0,"18":0.0,"19":0.0000008222,"20":0.0003624524,"21":0.0007759601,"22":0.0016218327,"23":0.0032780911},"21":{"0":0.0,"1":0.0,"2":0.0,"3":0.0,"4":0.0,"5":0.0,"6":0.0,"7":0.0,"8":0.0,"9":0.0,"10":0.0,"11":0.0,"12":0.0,"13":0.0,"14":0.0,"15":0.0,"16":0.0,"17":0.0,"18":0.0,"19":0.0,"20":0.0,"21":0.0,"22":0.0,"23":0.0},"22":{"0":0.0,"1":0.0,"2":0.0,"3":0.0,"4":0.0,"5":0.0,"6":0.0,"7":0.0,"8":0.0,"9":0.0,"10":0.0,"11":0.0,"12":0.0,"13":0.0,"14":0.0,"15":0.0,"16":0.0,"17":0.0,"18":0.0,"19":0.0,"20":0.0,"21":0.0,"22":0.0,"23":0.0},"23":{"0":0.0,"1":0.0,"2":0.0,"3":0.0,"4":0.0,"5":0.0,"6":0.0,"7":0.0,"8":0.0,"9":0.0,"10":0.0,"11":0.0,"12":0.0,"13":0.0,"14":0.0,"15":0.0,"16":0.0,"17":0.0,"18":0.0,"19":0.0,"20":0.0,"21":0.0,"22":0.0,"23":0.0}}